[
  { "id": 1, "paciente": "Maria Santos", "medico": "Dr. João Lima", "data": "2025-10-15", "hora": "14:00" },
  { "id": 2, "paciente": "Carlos Silva", "medico": "Dra. Paula Souza", "data": "2025-10-20", "hora": "09:30" },
  { "id": 3, "paciente": "Fernanda Costa", "medico": "Dr. Marcos Vieira", "data": "2025-11-01", "hora": "11:00" },
  { "id": 4, "paciente": "José Pereira", "medico": "Dr. João Lima", "data": "2025-11-03", "hora": "15:30" },
  { "id": 5, "paciente": "Ana Beatriz", "medico": "Dra. Marina Torres", "data": "2025-11-05", "hora": "10:00" },
  { "id": 6, "paciente": "Rafael Martins", "medico": "Dr. Marcos Vieira", "data": "2025-11-10", "hora": "13:00" },
  { "id": 7, "paciente": "Letícia Alves", "medico": "Dra. Paula Souza", "data": "2025-11-12", "hora": "16:00" },
  { "id": 8, "paciente": "Gabriel Dias", "medico": "Dr. João Lima", "data": "2025-11-14", "hora": "08:00" },
  { "id": 9, "paciente": "Felipe Rocha", "medico": "Dra. Marina Torres", "data": "2025-11-18", "hora": "09:00" },
  { "id": 10, "paciente": "Viviane Moura", "medico": "Dr. Marcos Vieira", "data": "2025-11-20", "hora": "14:30" }
]
