
[
  { "id": 1, "nome": "Pediatria", "descricao": "Atendimento infantil", "area": "Clínica Geral" },
  { "id": 2, "nome": "Cardiologia", "descricao": "Sistema cardiovascular", "area": "Alta Complexidade" },
  { "id": 3, "nome": "Dermatologia", "descricao": "Pele, cabelo e unhas", "area": "Estética e Saúde" },
  { "id": 4, "nome": "Ortopedia", "descricao": "Ossos e articulações", "area": "Trauma" },
  { "id": 5, "nome": "Ginecologia", "descricao": "Saúde da mulher", "area": "Clínica" },
  { "id": 6, "nome": "Neurologia", "descricao": "Sistema nervoso", "area": "Alta Complexidade" },
  { "id": 7, "nome": "Endocrinologia", "descricao": "Hormônios e metabolismo", "area": "Clínica" },
  { "id": 8, "nome": "Oftalmologia", "descricao": "Olhos e visão", "area": "Diagnóstico" },
  { "id": 9, "nome": "Psiquiatria", "descricao": "Saúde mental", "area": "Clínica Geral" },
  { "id": 10, "nome": "Reumatologia", "descricao": "Doenças autoimunes", "area": "Alta Complexidade" }
]
