
[
  { "id": 1, "nome": "Dr. João Lima", "crm": "12345-PE", "especialidade": "Cardiologia", "telefone": "(81) 98888-1111" },
  { "id": 2, "nome": "Dra. Paula Souza", "crm": "23456-PE", "especialidade": "Dermatologia", "telefone": "(81) 97777-2222" },
  { "id": 3, "nome": "Dr. Marcos Vieira", "crm": "34567-PE", "especialidade": "Neurologia", "telefone": "(81) 96666-3333" },
  { "id": 4, "nome": "Dra. Marina Torres", "crm": "45678-PE", "especialidade": "Ginecologia", "telefone": "(81) 95555-4444" },
  { "id": 5, "nome": "Dr. Renato Alves", "crm": "56789-PE", "especialidade": "Ortopedia", "telefone": "(81) 94444-5555" },
  { "id": 6, "nome": "Dra. Beatriz Ramos", "crm": "67890-PE", "especialidade": "Pediatria", "telefone": "(81) 93333-6666" },
  { "id": 7, "nome": "Dr. Guilherme Martins", "crm": "78901-PE", "especialidade": "Psiquiatria", "telefone": "(81) 92222-7777" },
  { "id": 8, "nome": "Dra. Carolina Freitas", "crm": "89012-PE", "especialidade": "Endocrinologia", "telefone": "(81) 91111-8888" },
  { "id": 9, "nome": "Dr. Pedro Tavares", "crm": "90123-PE", "especialidade": "Reumatologia", "telefone": "(81) 90000-9999" },
  { "id": 10, "nome": "Dra. Larissa Nunes", "crm": "01234-PE", "especialidade": "Oftalmologia", "telefone": "(81) 98888-5555" }
]
