
[
  { "id": 1, "nome": "Maria Santos", "cpf": "123.456.789-00", "idade": 29, "endereco": "Rua A, 123", "telefone": "(81) 99999-0000" },
  { "id": 2, "nome": "Carlos Silva", "cpf": "987.654.321-11", "idade": 41, "endereco": "Av. B, 501", "telefone": "(81) 98888-1111" },
  { "id": 3, "nome": "Fernanda Costa", "cpf": "555.321.999-22", "idade": 35, "endereco": "Rua C, 80", "telefone": "(81) 97777-2222" },
  { "id": 4, "nome": "José Pereira", "cpf": "900.222.888-33", "idade": 56, "endereco": "Travessa D, 70", "telefone": "(81) 96666-3333" },
  { "id": 5, "nome": "Ana Beatriz", "cpf": "444.777.111-44", "idade": 24, "endereco": "Rua E, 12", "telefone": "(81) 95555-4444" },
  { "id": 6, "nome": "Rafael Martins", "cpf": "777.555.999-55", "idade": 38, "endereco": "Av. F, 900", "telefone": "(81) 94444-5555" },
  { "id": 7, "nome": "Letícia Alves", "cpf": "888.111.222-66", "idade": 31, "endereco": "Rua G, 300", "telefone": "(81) 93333-6666" },
  { "id": 8, "nome": "Gabriel Dias", "cpf": "222.333.444-77", "idade": 27, "endereco": "Rua H, 50", "telefone": "(81) 92222-7777" },
  { "id": 9, "nome": "Felipe Rocha", "cpf": "333.999.555-88", "idade": 45, "endereco": "Alameda I, 900", "telefone": "(81) 91111-8888" },
  { "id": 10, "nome": "Viviane Moura", "cpf": "111.888.666-99", "idade": 52, "endereco": "Rua J, 22", "telefone": "(81) 90000-9999" }
]
